[
    {
        "text": "TT Tân Bình Huyện Yên Sơn, Tuyên Quang",
        "preprocessed": "thị trấn Tân Bình Huyện Yên Sơn, Tuyên Quang"
    },
    {
        "text": "357/28,Ng-T- Thuật,P1,Q3,TP.HồChíMinh.",
        "preprocessed": "/28, Ng-T- Thuật, phường 1, quận 3, thành phố Hồ Chí Minh "
    },
    {
        "text": "284DBis Ng Văn Giáo, P3, Mỹ Tho, T.Giang.",
        "preprocessed": "DBis Ng Văn Giáo, phường 3, Mỹ Tho, tỉnh Giang "
    },
    {
        "text": "Nà Làng Phú Bình, Chiêm Hoá, Tuyên Quang",
        "preprocessed": "Nà Làng Phú Bình, Chiêm Hoá, Tuyên Quang"
    },
    {
        "text": "59/12 Ng-B-Khiêm, Đa Kao Quận 1, TP. Hồ Chí Minh",
        "preprocessed": "/12 Ng-B-Khiêm, Đa Kao Quận 1, thành phố Hồ Chí Minh"
    },
    {
        "text": "46/8F Trung Chánh 2 Trung Chánh, Hóc Môn, TP. Hồ Chí Minh",
        "preprocessed": "/8F Trung Chánh Trung Chánh, Hóc Môn, thành phố Hồ Chí Minh"
    },
    {
        "text": "T18,Cẩm Bình, Cẩm Phả, Quảng Ninh.",
        "preprocessed": "T18, Cẩm Bình, Cẩm Phả, Quảng Ninh "
    },
    {
        "text": "Thanh Long, Yên Mỹ Hưng Yên",
        "preprocessed": "Thanh Long, Yên Mỹ Hưng Yên"
    },
    {
        "text": "D2, Thạnh Lợi, Vĩnh Thạnh Cần Thơ",
        "preprocessed": "D2, Thạnh Lợi, Vĩnh Thạnh Cần Thơ"
    },
    {
        "text": "Cổ Lũy Hải Ba, Hải Lăng, Quảng Trị",
        "preprocessed": "Cổ Lũy Hải Ba, Hải Lăng, Quảng Trị"
    },
    {
        "text": "Khu phố 4 Thị trấn, Dương Minh Châu, Tây Ninh",
        "preprocessed": "Khu phố Thị trấn, Dương Minh Châu, Tây Ninh"
    },
    {
        "text": "Khu phố 3, Trảng Dài, Thành phố Biên Hòa, Đồng Nai.",
        "preprocessed": "Khu phố, Trảng Dài, Thành phố Biên Hòa, Đồng Nai "
    },
    {
        "text": "Số Nhà 38, Tổ 9 Tô Hiệu, Thành phố Sơn La, Sơn La",
        "preprocessed": "Số Nhà, Tổ Tô Hiệu, Thành phố Sơn La, Sơn La"
    },
    {
        "text": "CH F1614-HH2-Khu ĐTM Dương Nội, Yên Nghĩa, Hà Đông, Hà Nội",
        "preprocessed": "CH F-HH2-Khu Đ TM Dương Nội, Yên Nghĩa, Hà Đông, Hà Nội"
    },
    {
        "text": "Khu 3 Suối Hoa, Thành phố Bắc Ninh, Bắc Ninh",
        "preprocessed": "Khu Suối Hoa, Thành phố Bắc Ninh, Bắc Ninh"
    },
    {
        "text": "Phú Lộc Phú Thạnh, Phú Tân, An Giang",
        "preprocessed": "Phú Lộc Phú Thạnh, Phú Tân, An Giang"
    },
    {
        "text": "Nguyễn Khuyến Thị trấn Vĩnh Trụ, Lý Nhân, Hà Nam",
        "preprocessed": "Nguyễn Khuyến Thị trấn Vĩnh Trụ, Lý Nhân, Hà Nam"
    },
    {
        "text": "Nam chính Tiền hải, Thái bình",
        "preprocessed": "Nam chính Tiền hải, Thái bình"
    },
    {
        "text": "Đá Hàng Hiệp Thạnh, Gò Dầu, Tây Ninh",
        "preprocessed": "Đá Hàng Hiệp Thạnh, Gò Dầu, Tây Ninh"
    },
    {
        "text": "371/11 Thoại Ngọc Hầu Hiệp Tân, Tân Phú, TP. Hồ Chí Minh",
        "preprocessed": "/11 Thoại Ngọc Hầu Hiệp Tân, Tân Phú, thành phố Hồ Chí Minh"
    },
    {
        "text": "Số 93, khu phố 9, thị trấn Hai Riêng, Sông Hinh, Phú Yên.",
        "preprocessed": "Số, khu phố, thị trấn Hai Riêng, Sông Hinh, Phú Yên "
    },
    {
        "text": "Tổ Dân Phố 3 Thị trấn Chư Prông, Chư Prông, Gia Lai",
        "preprocessed": "Tổ Dân Phố Thị trấn Chư Prông, Chư Prông, Gia Lai"
    },
    {
        "text": "Xã Minh Đạo, Huyện Tiên Du, Tỉnh Bắc Ninh",
        "preprocessed": "Xã Minh Đạo, Huyện Tiên Du, Tỉnh Bắc Ninh"
    },
    {
        "text": "Xã Bồng Khê Huyện Con Cuông, Nghệ An",
        "preprocessed": "Xã Bồng Khê Huyện Con Cuông, Nghệ An"
    },
    {
        "text": "Thôn 16 Cư Prông, Ea Kar, Đắk Lắk",
        "preprocessed": "Thôn Cư Prông, Ea Kar, Đắk Lắk"
    },
    {
        "text": "Số 259/54/8, Tổ 28, KP1, Long Bình Tân, Biên Hòa, Đồng Nai.",
        "preprocessed": "Số /54/8, Tổ, KP1, Long Bình Tân, Biên Hòa, Đồng Nai "
    },
    {
        "text": "Pháp Ngỡ, Vĩnh Hòa Vĩnh Lộc, Thanh Hóa",
        "preprocessed": "Pháp Ngỡ, Vĩnh Hòa Vĩnh Lộc, Thanh Hóa"
    },
    {
        "text": "Thôn Chua Bình Minh, Thanh Oai, Hà Nội",
        "preprocessed": "Thôn Chua Bình Minh, Thanh Oai, Hà Nội"
    },
    {
        "text": "Tiểu khu 3, thị trấn Ba Hàng, huyện Phổ Yên, tỉnh Thái Nguyên.",
        "preprocessed": "Tiểu khu, thị trấn Ba Hàng, huyện Phổ Yên, tỉnh Thái Nguyên "
    },
    {
        "text": "Xóm 2, Hưng Mỹ, Hưng Nguyên, Nghệ An",
        "preprocessed": "Xóm, Hưng Mỹ, Hưng Nguyên, Nghệ An"
    },
    {
        "text": "Bương Hạ Nam, Quỳnh Ngọc Quỳnh Phụ, Thái Bình",
        "preprocessed": "Bương Hạ Nam, Quỳnh Ngọc Quỳnh Phụ, Thái Bình"
    },
    {
        "text": "Nậm Cha Sìn Hổ, Lai Châu",
        "preprocessed": "Nậm Cha Sìn Hổ, Lai Châu"
    },
    {
        "text": "TDP Hạ 10, Tây Tựu Bắc Từ Liêm, Hà Nội",
        "preprocessed": "TDP Hạ, Tây Tựu Bắc Từ Liêm, Hà Nội"
    },
    {
        "text": "P. Nghi Hương Thị xã Cửa Lò, Nghệ An",
        "preprocessed": "phường Nghi Hương Thị xã Cửa Lò, Nghệ An"
    },
    {
        "text": "Hoằng Anh Thành phố Thanh Hóa, Thanh Hóa",
        "preprocessed": "Hoằng Anh Thành phố Thanh Hóa, Thanh Hóa"
    },
    {
        "text": "Ấp Phú Hữu Hữu Định, Châu Thành, Bến Tre",
        "preprocessed": "Ấp Phú Hữu Hữu Định, Châu Thành, Bến Tre"
    },
    {
        "text": "Phường Yên Thanh, thành phố Uông Bí, tỉnh Quảng Ninh.",
        "preprocessed": "Phường Yên Thanh, thành phố Uông Bí, tỉnh Quảng Ninh "
    },
    {
        "text": "Khóm 1 TT Càng Long, Càng Long, Trà Vinh",
        "preprocessed": "Khóm thị trấn Càng Long, Càng Long, Trà Vinh"
    },
    {
        "text": "KP 1B, P.An Phú, TX.Thuận An, Bình Dương",
        "preprocessed": "KP 1B, phường An Phú, thị xã Thuận An, Bình Dương"
    },
    {
        "text": "Thôn Xuân Lũng Bình Trung, Cao Lộc, Lạng Sơn",
        "preprocessed": "Thôn Xuân Lũng Bình Trung, Cao Lộc, Lạng Sơn"
    },
    {
        "text": "Phường Hòa Cường Nam, Quận Hải Châu, Thành phố Đà Nẵng.",
        "preprocessed": "Phường Hòa Cường Nam, Quận Hải Châu, Thành phố Đà Nẵng "
    },
    {
        "text": "TT. Phù Mỹ Phù Mỹ, Bình Định",
        "preprocessed": "thị trấn Phù Mỹ Phù Mỹ, Bình Định"
    },
    {
        "text": "Đô xá, Dân Lực, Triệu Sơn, Thanh Hoá.",
        "preprocessed": "Đô xá, Dân Lực, Triệu Sơn, Thanh Hoá "
    },
    {
        "text": "154/4/81 Nguyễn - Phúc Chu, P15, TB, TP. Hồ Chí Minh",
        "preprocessed": "/4/81 Nguyễn - Phúc Chu, phường 15, TB, thành phố Hồ Chí Minh"
    },
    {
        "text": "Xã Cao Dương, Huyện Thanh Oai, Thành phố Hà Nội",
        "preprocessed": "Xã Cao Dương, Huyện Thanh Oai, Thành phố Hà Nội"
    },
    {
        "text": "Tổ 8, Ấp An Bình Minh Hòa, Châu Thành, Kiên Giang",
        "preprocessed": "Tổ, Ấp An Bình Minh Hòa, Châu Thành, Kiên Giang"
    },
    {
        "text": "Khu vực 1 TT Đức Hòa, Đức Hòa, Long An",
        "preprocessed": "Khu vực thị trấn Đức Hòa, Đức Hòa, Long An"
    },
    {
        "text": "Phường Định Công, Quận Hoàng Mai, Thành phố Hà Nội",
        "preprocessed": "Phường Định Công, Quận Hoàng Mai, Thành phố Hà Nội"
    },
    {
        "text": "Khóm 1,Thị Trấn Tam Bình, Vĩnh Long",
        "preprocessed": "Khóm, Thị Trấn Tam Bình, Vĩnh Long"
    },
    {
        "text": "Mê linh Lâm hà,Lâm đồng",
        "preprocessed": "Mê linh Lâm hà, Lâm đồng"
    },
    {
        "text": "Đức Long TP. Phan Thiết, Bình Thuận",
        "preprocessed": "Đức Long thành phố Phan Thiết, Bình Thuận"
    },
    {
        "text": "Phố Đức Sơn, TT Bút Sơn, Hoằng Hoá, Thanh Hoá.",
        "preprocessed": "Phố Đức Sơn, thị trấn Bút Sơn, Hoằng Hoá, Thanh Hoá "
    },
    {
        "text": "Tổ 1, Phú trung P.An Lộc, TX.Bình Long, Bình Phước",
        "preprocessed": "Tổ, Phú trung phường An Lộc, thị xã Bình Long, Bình Phước"
    },
    {
        "text": "Thái Hòa Huyện Thái Thụy, Thái Bình",
        "preprocessed": "Thái Hòa Huyện Thái Thụy, Thái Bình"
    },
    {
        "text": "Xã Thanh Hòa, Huyện Cai Lậy, Tỉnh Tiền Giang",
        "preprocessed": "Xã Thanh Hòa, Huyện Cai Lậy, Tỉnh Tiền Giang"
    },
    {
        "text": "Thôn 3 Sơn Hải, Quỳnh Lưu, Nghệ An",
        "preprocessed": "Thôn Sơn Hải, Quỳnh Lưu, Nghệ An"
    },
    {
        "text": "Thôn Thành Bắc, Xã Quảng Thành, TP Thanh Hoá, Thanh Hoá",
        "preprocessed": "Thôn Thành Bắc, Xã Quảng Thành, thành phố Thanh Hoá, Thanh Hoá"
    },
    {
        "text": "Chùa hà, Định Trung, Vĩnh Yên Vĩnh Phúc",
        "preprocessed": "Chùa hà, Định Trung, Vĩnh Yên Vĩnh Phúc"
    },
    {
        "text": "T. Phước Trạch 2 Ea Phê, Krông Păc, Đắk Lắk",
        "preprocessed": "tỉnh Phước Trạch Ea Phê, Krông Păc, Đắk Lắk"
    },
    {
        "text": "Xã Lương Lỗ, Huyện Thanh Ba, Tỉnh Phú Thọ",
        "preprocessed": "Xã Lương Lỗ, Huyện Thanh Ba, Tỉnh Phú Thọ"
    },
    {
        "text": "Khang Thọ Hưng Hoằng Đức, Hoằng Hóa, Thanh Hóa",
        "preprocessed": "Khang Thọ Hưng Hoằng Đức, Hoằng Hóa, Thanh Hóa"
    },
    {
        "text": "Nam hải Nam trực - Nam định",
        "preprocessed": "Nam hải Nam trực - Nam định"
    },
    {
        "text": "489/24A/18 Huỳnh Văn Bánh Phường 13, Phú Nhuận, TP. Hồ Chí Minh",
        "preprocessed": "/24A/18 Huỳnh Văn Bánh Phường 13, Phú Nhuận, thành phố Hồ Chí Minh"
    },
    {
        "text": "285 B/1A Bình Gĩa Phường 8,Vũng Tàu,Bà Rịa - Vũng Tàu",
        "preprocessed": "B/1A Bình Gĩa Phường 8, Vũng Tàu, Bà Rịa - Vũng Tàu"
    },
    {
        "text": "Mỹ Hòa xã Mỹ Long, H.Cai Lậy, Tiền Giang",
        "preprocessed": "Mỹ Hòa xã Mỹ Long, huyện Cai Lậy, Tiền Giang"
    },
    {
        "text": "Thới Hòa A Thị trấn Cờ Đỏ, Cờ Đỏ, Cần Thơ",
        "preprocessed": "Thới Hòa A Thị trấn Cờ Đỏ, Cờ Đỏ, Cần Thơ"
    },
    {
        "text": "xã Minh Lãng, huyện Vũ Thư, tỉnh Thái Bình",
        "preprocessed": "xã Minh Lãng, huyện Vũ Thư, tỉnh Thái Bình"
    },
    {
        "text": "Bộ Đầu Thống Nhất, Thường Tín, Hà Nội",
        "preprocessed": "Bộ Đầu Thống Nhất, Thường Tín, Hà Nội"
    },
    {
        "text": "Xã Tân Bình Huyện Như Xuân, Thanh Hoá",
        "preprocessed": "Xã Tân Bình Huyện Như Xuân, Thanh Hoá"
    },
    {
        "text": "Phố 2, Vân Giang Thành phố Ninh Bình, Ninh Bình",
        "preprocessed": "Phố, Vân Giang Thành phố Ninh Bình, Ninh Bình"
    },
    {
        "text": "Thôn 1 Quảng Bị, Chương Mỹ, Hà Nội",
        "preprocessed": "Thôn Quảng Bị, Chương Mỹ, Hà Nội"
    },
    {
        "text": "Xã Tân Minh, Huyện Sóc Sơn, Thành phố Hà Nội",
        "preprocessed": "Xã Tân Minh, Huyện Sóc Sơn, Thành phố Hà Nội"
    },
    {
        "text": "Tổ 11 Sài Đồng, Long Biên, Hà Nội",
        "preprocessed": "Tổ Sài Đồng, Long Biên, Hà Nội"
    },
    {
        "text": "4248 CT12C ĐTM K/Văn-K/Lũ Đại Kim, Hoàng Mai, Hà Nội",
        "preprocessed": "CT12C Đ TM K/Văn-K/Lũ Đại Kim, Hoàng Mai, Hà Nội"
    },
    {
        "text": "KP Phước Trung Thị trấn Đất Đỏ, Đất Đỏ, Bà Rịa - Vũng Tàu",
        "preprocessed": "KP Phước Trung Thị trấn Đất Đỏ, Đất Đỏ, Bà Rịa - Vũng Tàu"
    },
    {
        "text": "55/30 Nguyễn - Thượng Hiền,P5,BT, TP. Hồ Chí Minh",
        "preprocessed": "/30 Nguyễn - Thượng Hiền, phường 5, BT, thành phố Hồ Chí Minh"
    },
    {
        "text": "290 Tùng Thiện- Vương,P.13, Quận 8, TP. Hồ Chí Minh.",
        "preprocessed": "Tùng Thiện- Vương, phường 13, Quận 8, thành phố Hồ Chí Minh "
    },
    {
        "text": "Tổ 5A2, KP5 TT. Trảng Bom, Trảng Bom, Đồng Nai",
        "preprocessed": "Tổ A2, KP5 thị trấn Trảng Bom, Trảng Bom, Đồng Nai"
    },
    {
        "text": "8 Trịnh Văn Cấn P.C-Ô-Lãnh, Q.1, TP. Hồ Chí Minh",
        "preprocessed": "Trịnh Văn Cấn phường C-Ô-Lãnh, quận 1, thành phố Hồ Chí Minh"
    },
    {
        "text": "Thôn Đồng Lực Hoàng Lâu, Tam Dương, Vĩnh Phúc",
        "preprocessed": "Thôn Đồng Lực Hoàng Lâu, Tam Dương, Vĩnh Phúc"
    },
    {
        "text": "Thái Hòa, Hợp Đồng Chương Mỹ, Hà Nội",
        "preprocessed": "Thái Hòa, Hợp Đồng Chương Mỹ, Hà Nội"
    },
    {
        "text": "Đồng Trạch, Bố Trạch Quảng Bình",
        "preprocessed": "Đồng Trạch, Bố Trạch Quảng Bình"
    },
    {
        "text": "Thôn Yến Thạch Xá- Thạch Thất-Hà Nội",
        "preprocessed": "Thôn Yến Thạch Xá- Thạch Thất-Hà Nội"
    },
    {
        "text": "tổ 17 Cụm 3 Phú Thượng, Tây Hồ, Hà Nội",
        "preprocessed": "tổ Cụm Phú Thượng, Tây Hồ, Hà Nội"
    },
    {
        "text": "Bản U Gia Huổi Luông, Phong Thổ, Lai Châu",
        "preprocessed": "Bản U Gia Huổi Luông, Phong Thổ, Lai Châu"
    },
    {
        "text": "Khu phố Nam Tân, TT Thuận Nam, Hàm Thuận Bắc, Bình Thuận.",
        "preprocessed": "Khu phố Nam Tân, thị trấn Thuận Nam, Hàm Thuận Bắc, Bình Thuận "
    },
    {
        "text": "2 dãy C ngõ 16 Ngô Quyền, tổ 14, Quang Trung, Hà Đông, Hà Nội",
        "preprocessed": "dãy C ngõ Ngô Quyền, tổ, Quang Trung, Hà Đông, Hà Nội"
    },
    {
        "text": "Sơn Hà Nho Quan, Ninh Bình",
        "preprocessed": "Sơn Hà Nho quận, Ninh Bình"
    },
    {
        "text": "3/107 Ngõ Quỳnh Thanh Nhàn, Hai Bà Trưng, Hà Nội",
        "preprocessed": "/Ngõ Quỳnh Thanh Nhàn, Hai Bà Trưng, Hà Nội"
    },
    {
        "text": "Hàng Gòn Hàng Gòn, TX.Long Khánh, Đồng Nai",
        "preprocessed": "Hàng Gòn Hàng Gòn, thị xã Long Khánh, Đồng Nai"
    },
    {
        "text": "Xã Nguyên Bình Huyện Tĩnh Gia, Thanh Hoá",
        "preprocessed": "Xã Nguyên Bình Huyện Tĩnh Gia, Thanh Hoá"
    },
    {
        "text": "Cụm 5, Ngọc Tảo, Phúc Thọ Hà Nội",
        "preprocessed": "Cụm, Ngọc Tảo, Phúc Thọ Hà Nội"
    },
    {
        "text": "Hoằng Minh, Hoằng Hóa Thanh Hóa",
        "preprocessed": "Hoằng Minh, Hoằng Hóa Thanh Hóa"
    },
    {
        "text": "Châu Thạnh Châu Phú A, Châu Đốc, An Giang",
        "preprocessed": "Châu Thạnh Châu Phú A, Châu Đốc, An Giang"
    },
    {
        "text": "Liên Bình, Hải Bình Tĩnh Gia, Thanh Hóa",
        "preprocessed": "Liên Bình, Hải Bình Tĩnh Gia, Thanh Hóa"
    },
    {
        "text": "Long Bình 1, An Hải, Ninh Phước, Ninh Thuận",
        "preprocessed": "Long Bình, An Hải, Ninh Phước, Ninh Thuận"
    },
    {
        "text": "Ấp 17 Long Trung, Cai Lậy, Tiền Giang",
        "preprocessed": "Ấp 17 Long Trung, Cai Lậy, Tiền Giang"
    },
    {
        "text": "249,KP.2,Tân mai,Biên Hòa, Đồng Nai",
        "preprocessed": ", KP 2, Tân mai, Biên Hòa, Đồng Nai"
    },
    {
        "text": "Sơn Thủy, Lệ Thủy Quảng Bình",
        "preprocessed": "Sơn Thủy, Lệ Thủy Quảng Bình"
    },
    {
        "text": "02 Tú Xương, Đông Thọ Thành phố Thanh Hóa, Thanh Hóa",
        "preprocessed": "Tú Xương, Đông Thọ Thành phố Thanh Hóa, Thanh Hóa"
    },
    {
        "text": "Tân Trung Tân Thành, Tân Châu, Tây Ninh",
        "preprocessed": "Tân Trung Tân Thành, Tân Châu, Tây Ninh"
    },
    {
        "text": "Số 43/7 Nguyễn Huệ, P.Sao Đỏ, TX.Chí Linh, Hải Dương",
        "preprocessed": "Số /7 Nguyễn Huệ, phường Sao Đỏ, thị xã Chí Linh, Hải Dương"
    },
    {
        "text": "24/98C, Phố Hữu Nghị Xuân Khanh, Sơn Tây, Hà Nội",
        "preprocessed": "/98C, Phố Hữu Nghị Xuân Khanh, Sơn Tây, Hà Nội"
    },
    {
        "text": "Tổ 2, Khu phố 2, Phường Long Thủy, Phước Long, Bình Phước.",
        "preprocessed": "Tổ, Khu phố, Phường Long Thủy, Phước Long, Bình Phước "
    },
    {
        "text": "Hà Tân Hưng Hà, Tân Hưng, Long An",
        "preprocessed": "Hà Tân Hưng Hà, Tân Hưng, Long An"
    },
    {
        "text": "Ngọc Chi, Vĩnh Ngọc Đông Anh, Hà Nội",
        "preprocessed": "Ngọc Chi, Vĩnh Ngọc Đông Anh, Hà Nội"
    },
    {
        "text": "55/21/1 Khu phố 2, Thới An Quận 12, TP. Hồ Chí Minh",
        "preprocessed": "/21/1 Khu phố, Thới An Quận 12, thành phố Hồ Chí Minh"
    },
    {
        "text": "Thạch Bình, Thạch Thành Thanh Hóa",
        "preprocessed": "Thạch Bình, Thạch Thành Thanh Hóa"
    },
    {
        "text": "- Khu B Chu Hoà, Việt HhiPhú Thọ",
        "preprocessed": "- Khu B Chu Hoà, Việt Hhi Phú Thọ"
    },
    {
        "text": "Thôn Am, xã Xuân Hương, Lạng Giang, Bắc Giang.",
        "preprocessed": "Thôn Am, xã Xuân Hương, Lạng Giang, Bắc Giang "
    },
    {
        "text": "Số 7/Q3, KPI, Phường Long Bình Tân, Tp Biên Hoà, Đồng Nai.",
        "preprocessed": "Số /quận 3, KPI, Phường Long Bình Tân, thành phố Biên Hoà, Đồng Nai "
    },
    {
        "text": "Khu 1, Trung Giáp, Phù Ninh, Phú Thọ.",
        "preprocessed": "Khu, Trung Giáp, Phù Ninh, Phú Thọ "
    },
    {
        "text": "A:12A.21BlockA C/c BCA,P.AnKhánh,TP.Thủ Đức, TP. HCM",
        "preprocessed": "A:12A 21Block A C/c BCA, phường An Khánh, thành phố Thủ Đức, thành phố hồ chí minh"
    },
    {
        "text": "L10C12 Hẻm 90, Ng, Bỉnh Khiêm, TP. Rạch Giá, Kiên Giang",
        "preprocessed": "L10C12 Hẻm, Ng, Bỉnh Khiêm, thành phố Rạch Giá, Kiên Giang"
    },
    {
        "text": "Thôn Lý Viên Bắc Lý, Hiệp Hòa, Bắc Giang",
        "preprocessed": "Thôn Lý Viên Bắc Lý, Hiệp Hòa, Bắc Giang"
    },
    {
        "text": "51 Phạm Ngũ Lão, Lê Lợi Sơn Tây, Hà Nội",
        "preprocessed": "Phạm Ngũ Lão, Lê Lợi Sơn Tây, Hà Nội"
    },
    {
        "text": "107 Lê Sao Phú Thạnh, Tân Phú, TP. Hồ Chí Minh.",
        "preprocessed": "Lê Sao Phú Thạnh, Tân Phú, thành phố Hồ Chí Minh "
    },
    {
        "text": "Mỹ Phú 5 Tường Lộc, Tam Bình, Vĩnh Long",
        "preprocessed": "Mỹ Phú Tường Lộc, Tam Bình, Vĩnh Long"
    },
    {
        "text": "Thôn Mùi, Bích Hòa Thanh Oai, Hà Nội",
        "preprocessed": "Thôn Mùi, Bích Hòa Thanh Oai, Hà Nội"
    },
    {
        "text": "thôn 2 Suối Rao, Châu Đức, Bà Rịa - Vũng Tàu",
        "preprocessed": "thôn Suối Rao, Châu Đức, Bà Rịa - Vũng Tàu"
    },
    {
        "text": "P. Minh Xuân TP. Tuyên Quang, Tuyên Quang",
        "preprocessed": "phường Minh Xuân thành phố Tuyên Quang, Tuyên Quang"
    },
    {
        "text": "Long Bình, An Hải, Ninh Phước, Ninh Thuận",
        "preprocessed": "Long Bình, An Hải, Ninh Phước, Ninh Thuận"
    },
    {
        "text": "14.5 Block A2, The Mansion, ĐS 7,KDC 13E,Ấp 5,PP,BC, TP.HCM",
        "preprocessed": " 5 Block A2, The Mansion, Đ S, KDC E, Ấp 5, PP, BC, thành phố hồ chí minh"
    },
    {
        "text": "Xã Yên Sơn, Huyện Lục Nam, Tỉnh Bắc Giang",
        "preprocessed": "Xã Yên Sơn, Huyện Lục Nam, Tỉnh Bắc Giang"
    },
    {
        "text": "161/18A Cô Giang, Cô Giang Quận 1, TP. Hồ Chí Minh",
        "preprocessed": "/18A Cô Giang, Cô Giang Quận 1, thành phố Hồ Chí Minh"
    },
    {
        "text": "Tân Thắng Tân An Hội, Mang Thít, Vĩnh Long",
        "preprocessed": "Tân Thắng Tân An Hội, Mang Thít, Vĩnh Long"
    },
    {
        "text": "Thôn 6, Nam Chính, Đức Linh, Bình Thuận.",
        "preprocessed": "Thôn, Nam Chính, Đức Linh, Bình Thuận "
    },
    {
        "text": "Phố Tân Mỹ Thị trấn Me, Gia Viễn, Ninh Bình",
        "preprocessed": "Phố Tân Mỹ Thị trấn Me, Gia Viễn, Ninh Bình"
    },
    {
        "text": "P.Phan thiết, Thị Xã Tuyên Quang, Tuyên Quang",
        "preprocessed": "phường Phan thiết, Thị Xã Tuyên Quang, Tuyên Quang"
    },
    {
        "text": "Trung Môn Yên Sơn - Tuyên Quang",
        "preprocessed": "Trung Môn Yên Sơn - Tuyên Quang"
    },
    {
        "text": "31B Sư Vạn Hạnh, Phường 3 Quận 10, TP. Hồ Chí Minh",
        "preprocessed": "B Sư Vạn Hạnh, Phường 3 Quận 10, thành phố Hồ Chí Minh"
    },
    {
        "text": "Tề Lễ Tam Nông, Phú Thọ",
        "preprocessed": "Tề Lễ Tam Nông, Phú Thọ"
    },
    {
        "text": "Số 10, Ngách 43/3, Ngõ 43 Nguyễn Ngọc Nại, Khương Mai, Thanh Xuân, Hà Nội.",
        "preprocessed": "Số, Ngách /3, Ngõ Nguyễn Ngọc Nại, Khương Mai, Thanh Xuân, Hà Nội "
    },
    {
        "text": "191A Nguyễn Thị Định An Phú, Quận 2, Tp Hồ Chí Minh",
        "preprocessed": "A Nguyễn Thị Định An Phú, Quận 2, thành phố Hồ Chí Minh"
    },
    {
        "text": "Tường Ngãi Nhơn Bình,Trà Ôn, Vĩnh Long",
        "preprocessed": "Tường Ngãi Nhơn Bình, Trà Ôn, Vĩnh Long"
    },
    {
        "text": "Tổ 03 Hòa Thọ Đông, Cẩm Lệ. Đà Nẵng.",
        "preprocessed": "Tổ Hòa Thọ Đông, Cẩm Lệ Đà Nẵng "
    },
    {
        "text": "Khu 5, Ngô Quyền, Vĩnh Yên Vĩnh Phúc",
        "preprocessed": "Khu, Ngô Quyền, Vĩnh Yên Vĩnh Phúc"
    },
    {
        "text": "Tổ 11, Ấp Tây Kim Sơn, Châu Thành, Tiền Giang",
        "preprocessed": "Tổ, Ấp Tây Kim Sơn, Châu Thành, Tiền Giang"
    },
    {
        "text": "Số 1410 Đường 30/4, Phường 12, Thành phố Vũng Tàu, Bà Rịa - Vũng Tàu.",
        "preprocessed": "Số Đường /4, Phường 12, Thành phố Vũng Tàu, Bà Rịa - Vũng Tàu "
    },
    {
        "text": "F2B PhanVănTr P.5,GV,TP.Hồ Chí Minh",
        "preprocessed": "F2B Phan Văn Tr phường 5, GV, thành phố Hồ Chí Minh"
    },
    {
        "text": "Chiêu Yên Yên Sơn, Tuyên Quang",
        "preprocessed": "Chiêu Yên Yên Sơn, Tuyên Quang"
    },
    {
        "text": "Ấp Thạnh Hiệp Hòa Thạnh, Tam Bình, Vĩnh Long",
        "preprocessed": "Ấp Thạnh Hiệp Hòa Thạnh, Tam Bình, Vĩnh Long"
    },
    {
        "text": "Phường Lê Hồng Phong Tp. Quy Nhơn, tỉnh Bình Định.",
        "preprocessed": "Phường Lê Hồng Phong thành phố Quy Nhơn, tỉnh Bình Định "
    },
    {
        "text": "7/3/4/16 Thành Thái Phường 14, Quận 10, TP. Hồ Chí Minh",
        "preprocessed": "/3/4/16 Thành Thái Phường 14, Quận 10, thành phố Hồ Chí Minh"
    },
    {
        "text": "Ấp Bùng Binh, Hưng Thuận, Trảng Bàng, Tây Ninh",
        "preprocessed": "Ấp Bùng Binh, Hưng Thuận, Trảng Bàng, Tây Ninh"
    },
    {
        "text": "Quang Xá, Quang Hưng, Phù Cừ, Hưng Yên",
        "preprocessed": "Quang Xá, Quang Hưng, Phù Cừ, Hưng Yên"
    },
    {
        "text": "Thôn Lùng Bẻ Kim Linh, Vị Xuyên, Hà Giang",
        "preprocessed": "Thôn Lùng Bẻ Kim Linh, Vị Xuyên, Hà Giang"
    },
    {
        "text": "Xã Krông Búk Huyện Krông Păc, Đắk Lắk",
        "preprocessed": "Xã Krông Búk Huyện Krông Păc, Đắk Lắk"
    },
    {
        "text": "820/12 Hậu Giang, Phường 12 Quận 6, TP. Hồ Chí Minh",
        "preprocessed": "/12 Hậu Giang, Phường 12 Quận 6, thành phố Hồ Chí Minh"
    },
    {
        "text": "Mỹ Hưng Hòa,Mỹ Xương,Cao Lãnh, Đồng Tháp.",
        "preprocessed": "Mỹ Hưng Hòa, Mỹ Xương, Cao Lãnh, Đồng Tháp "
    },
    {
        "text": "Liên Minh,,TỉnhThái Nguyên",
        "preprocessed": "Liên Minh, , Tỉnh Thái Nguyên"
    },
    {
        "text": "X Bình Thuận H.Tây Son Tỉnh Bình Định",
        "preprocessed": "X Bình Thuận huyện Tây Son Tỉnh Bình Định"
    },
    {
        "text": ", Gia Viễn, T. Ninh Binh",
        "preprocessed": ", Gia Viễn, tỉnh Ninh Binh"
    },
    {
        "text": " Chợ Chu, , T Thái Nguyên",
        "preprocessed": "Chợ Chu, , tỉnh Thái Nguyên"
    },
    {
        "text": "Hải Ba  Hải Lăng ",
        "preprocessed": "Hải Ba Hải Lăng"
    },
    {
        "text": " Huyện Cẩm Thủy Tỉnh Thanh Hóa",
        "preprocessed": "Huyện Cẩm Thủy Tỉnh Thanh Hóa"
    },
    {
        "text": "Phường Phú Lợi  TBình Dương",
        "preprocessed": "Phường Phú Lợi TBình Dương"
    },
    {
        "text": " Tự Lạn, HuyệnViệt Yên, T Bắc Giang",
        "preprocessed": "Tự Lạn, Huyện Việt Yên, tỉnh Bắc Giang"
    },
    {
        "text": " Bình Hiệp,H.Bình Sơn,TỉnhQuảng Ngãi",
        "preprocessed": "Bình Hiệp, huyện Bình Sơn, Tỉnh Quảng Ngãi"
    },
    {
        "text": "X. Trà Sơn,Huyện Trà Bồng,T.Quảng mNgãi",
        "preprocessed": "xã Trà Sơn, Huyện Trà Bồng, tỉnh Quảng m Ngãi"
    },
    {
        "text": "X Vĩnh Lợi, Huyện Châu Thành, Tỉnhan Giang",
        "preprocessed": "X Vĩnh Lợi, Huyện Châu Thành, Tỉnhan Giang"
    },
    {
        "text": "Van Điểm, H hường TLín, Thành phốHa Nội",
        "preprocessed": "Van Điểm, huyện hường TLín, Thành phố Ha Nội"
    },
    {
        "text": "Thị Trấn Yên Bình  Yên Bình T Yên Bái",
        "preprocessed": "Thị Trấn Yên Bình Yên Bình T Yên Bái"
    },
    {
        "text": "XThạnh Đức, HGò Dầ6u, T Tây Ninh",
        "preprocessed": "XThạnh Đức, huyện Gò Dầu, tỉnh Tây Ninh"
    },
    {
        "text": "X.Thài Phìn Tủng, Huyện ĐồGg Van,  Hà Gxiang",
        "preprocessed": "xã Thài Phìn Tủng, Huyện Đồ Gg Van, Hà Gxiang"
    },
    {
        "text": "XãBù Gia Mập,,T Bình Phước",
        "preprocessed": "Xã Bù Gia Mập, , tỉnh Bình Phước"
    },
    {
        "text": "Xã Mỹ Lương Yên Lập ",
        "preprocessed": "Xã Mỹ Lương Yên Lập"
    },
    {
        "text": ",H.Nqm Đàn, nghệ An",
        "preprocessed": ", huyện Nqm Đàn, nghệ An"
    },
    {
        "text": ", H Nam Trực, Nam Đị8nh",
        "preprocessed": ", huyện Nam Trực, Nam Định"
    },
    {
        "text": " Tam GiangNăm CănT.Cà Mau",
        "preprocessed": "Tam Giang Năm Căn tỉnh Cà Mau"
    },
    {
        "text": " Huyện Khánh Sơn TKhánh Hòa",
        "preprocessed": "Huyện Khánh Sơn TKhánh Hòa"
    },
    {
        "text": "Xã La Dêê  Quảng Nam",
        "preprocessed": "Xã La Dêê Quảng Nam"
    },
    {
        "text": "XTân Thạnh, hAn Minh ",
        "preprocessed": "XTân Thạnh, huyện An Minh"
    },
    {
        "text": "X Cam Bình, Thành FhốCam Rah,  Khánh Hòa",
        "preprocessed": "X Cam Bình, Thành Fhố Cam Rah, Khánh Hòa"
    },
    {
        "text": "X.UThạnh Lợi  TỉnhLong An",
        "preprocessed": "xã UThạnh Lợi Tỉnh Long An"
    },
    {
        "text": " Minh Tân,h.Lưng Tai,",
        "preprocessed": "Minh Tân, huyện Lưng Tai, "
    },
    {
        "text": "XãQuỳn1 Lâm, H. Quỳnh Phụ,  Thai Bình",
        "preprocessed": "Xã Quỳn1 Lâm, huyện Quỳnh Phụ, Thai Bình"
    },
    {
        "text": "X.Nà Tấu, , T.Điện Biên",
        "preprocessed": "xã Nà Tấu, , tỉnh Điện Biên"
    },
    {
        "text": "X.Hiep Tung Huyện Năm Căn T.Cà Mau",
        "preprocessed": "xã Hiep Tung Huyện Năm Căn tỉnh Cà Mau"
    },
    {
        "text": "Yên Bình, H fHữu Lũng, Lạng Sơn",
        "preprocessed": "Yên Bình, huyện f Hữu Lũng, Lạng Sơn"
    },
    {
        "text": "P.tự Anm T.PhốBuôn Ma Thuột, T. Đắk Lăk",
        "preprocessed": "phường tự Anm thành phố Buôn Ma Thuột, tỉnh Đắk Lăk"
    },
    {
        "text": "X.Đức Bác, Sông Lô,T.Vĩnh Phúc",
        "preprocessed": "xã Đức Bác, Sông Lô, tỉnh Vĩnh Phúc"
    },
    {
        "text": ", HuyệnChâu Thành, TỉnhTiền Giang",
        "preprocessed": ", Huyện Châu Thành, Tỉnh Tiền Giang"
    },
    {
        "text": " H. Định Quán, Đồng Nai",
        "preprocessed": "huyện Định Quán, Đồng Nai"
    },
    {
        "text": " tPPhổ Yên Tỉnh Thái Nguyên",
        "preprocessed": "t PPhổ Yên Tỉnh Thái Nguyên"
    },
    {
        "text": "X. Hà Hồi H. Thường Tin TPHàNội",
        "preprocessed": "xã Hà Hồi huyện Thường Tin TPHà Nội"
    },
    {
        "text": " Huyện Hiêp Hòa Bắc Giang",
        "preprocessed": "Huyện Hiêp Hòa Bắc Giang"
    },
    {
        "text": "  Đông Giang T Quảyg Nm",
        "preprocessed": "Đông Giang T Quảyg Nm"
    },
    {
        "text": "Sơn Thủy T Quảng Bình",
        "preprocessed": "Sơn Thủy T Quảng Bình"
    },
    {
        "text": "X. Hoằng Lưu, Hoăng Hóa, TỉnhThanh Hóa",
        "preprocessed": "xã Hoằng Lưu, Hoăng Hóa, Tỉnh Thanh Hóa"
    },
    {
        "text": "Xan Tiến, H. An Lão, ",
        "preprocessed": "Xan Tiến, huyện An Lão, "
    },
    {
        "text": "XGia Hội,h.Văn Chấn,TỉnhYênKBái",
        "preprocessed": "XGia Hội, huyện Văn Chấn, Tỉnh Yên KBái"
    },
    {
        "text": " Tam Văn  xLang Chánh  Thanh Hóa",
        "preprocessed": "Tam Văn x Lang Chánh Thanh Hóa"
    },
    {
        "text": "X. HoDng Quỳ,,9hanh Hóa",
        "preprocessed": "xã Ho Dng Quỳ, , 9hanh Hóa"
    },
    {
        "text": "XãBình Chau,  Bình Sơn, Tỉnh Quảng Ngãi",
        "preprocessed": "Xã Bình Chau, Bình Sơn, Tỉnh Quảng Ngãi"
    },
    {
        "text": "X.Tân Tiến,H.Đồng Phú,",
        "preprocessed": "xã Tân Tiến, huyện Đồng Phú, "
    },
    {
        "text": "FHim Lam   Điện Biê",
        "preprocessed": "FHim Lam Điện Biê"
    },
    {
        "text": "PHoà Quý Q.ngũ Hành sơn Đà Nẵng",
        "preprocessed": "PHoà Quý quận ngũ Hành sơn Đà Nẵng"
    },
    {
        "text": " BảIn Sen H Mường Khương T5Lào Cai",
        "preprocessed": "Bả In Sen H Mường Khương T5Lào Cai"
    },
    {
        "text": "X Phong Quang, HKuyệnVị Xuyên, Tỉnh Hà Giang",
        "preprocessed": "X Phong Quang, huyện Kuyện Vị Xuyên, Tỉnh Hà Giang"
    },
    {
        "text": "XãV Ninh, Kiên Xương,",
        "preprocessed": "Xã V Ninh, Kiên Xương, "
    },
    {
        "text": " TP Biên Hòa TỉnhĐyng Nai",
        "preprocessed": "thành phố Biên Hòa Tỉnh Đyng Nai"
    },
    {
        "text": "X. Trà DVưong Bắc Trà My TQuảg Nam",
        "preprocessed": "xã Trà DVưong Bắc Trà My TQuảg Nam"
    },
    {
        "text": "X.Vĩnh thắng Gò quao T Kiên Giang",
        "preprocessed": "xã Vĩnh thắng Gò quao T Kiên Giang"
    },
    {
        "text": " H.Bắc Mê TỉnhHà Giang",
        "preprocessed": "huyện Bắc Mê Tỉnh Hà Giang"
    },
    {
        "text": "X.Thiết Kế,H.Bá Thước,",
        "preprocessed": "xã Thiết Kế, huyện Bá Thước, "
    },
    {
        "text": "Phưng Khâm Thiên Quận Đ.Đa T.Phố HàNội",
        "preprocessed": "phường Khâm Thiên Quận đống đa thành phố Hà Nội"
    },
    {
        "text": "X Quỳnh Nuyên,,T. Thái Bình",
        "preprocessed": "X Quỳnh Nuyên, , tỉnh Thái Bình"
    },
    {
        "text": "XVnh Hung, , T.Thanh Hóa",
        "preprocessed": "XVnh Hung, , tỉnh Thanh Hóa"
    },
    {
        "text": "X.Tăng Thanh, H Yên Thành, ",
        "preprocessed": "xã Tăng Thanh, huyện Yên Thành, "
    },
    {
        "text": "XãTrung Lập,  Vĩnh Bảo,7 ",
        "preprocessed": "Xã Trung Lập, Vĩnh Bảo, 7"
    },
    {
        "text": "Phường Ngoc Thụy  Thành phốHà Nội",
        "preprocessed": "Phường Ngoc Thụy Thành phố Hà Nội"
    },
    {
        "text": ", Huyện Maỹ Lộc, TỉnhD Nam Định",
        "preprocessed": ", Huyện Maỹ Lộc, Tỉnh D Nam Định"
    },
    {
        "text": "X.Yên Lạc HuyệnNhu Thanh Tỉnh Thanh Hóa",
        "preprocessed": "xã Yên Lạc Huyện Nhu Thanh Tỉnh Thanh Hóa"
    },
    {
        "text": "TT Qu7 Nhất,,Tỉnh Nam Định",
        "preprocessed": "thị trấn Qu7 Nhất, , Tỉnh Nam Định"
    },
    {
        "text": "QX.Tân Hưng Tây, Ph8 Tân,",
        "preprocessed": "QX Tân Hưng Tây, Ph8 Tân, "
    },
    {
        "text": ", Huyện Cẩm Thủy, T.Thanh Hóca",
        "preprocessed": ", Huyện Cẩm Thủy, tỉnh Thanh Hóca"
    },
    {
        "text": "X.Phong Dụ, , Quảng Ninh",
        "preprocessed": "xã Phong Dụ, , Quảng Ninh"
    },
    {
        "text": "XãPhú Hưng  TBến tre",
        "preprocessed": "Xã Phú Hưng TBến tre"
    },
    {
        "text": "XAn Thủy Huyện Lệe Thủy TQuảng Bình",
        "preprocessed": "XAn Thủy Huyện Lệe Thủy TQuảng Bình"
    },
    {
        "text": "XBình PhúN  Càng Long, T.u trà Vinh",
        "preprocessed": "XBình Phú N Càng Long, tỉnh u trà Vinh"
    },
    {
        "text": "Phưong Thọ Son,T.Phố Việt Trì, Phú Thọ",
        "preprocessed": "Phưong Thọ Son, thành phố Việt Trì, Phú Thọ"
    },
    {
        "text": "XHòa Bqc, HDi Linh, ",
        "preprocessed": "XHòa Bqc, huyện Di Linh, "
    },
    {
        "text": " Cộng Hòa,,TỉnhHaOi Dương",
        "preprocessed": "Cộng Hòa, , Tỉnh Ha Oi Dương"
    },
    {
        "text": "Đai TanHuyện Đại ộc,TỉnhQuảng Nam",
        "preprocessed": "Đai Tan Huyện Đại ộc, Tỉnh Quảng Nam"
    },
    {
        "text": " HBảo Lâm 8 Cao Bằng",
        "preprocessed": "HBảo Lâm Cao Bằng"
    },
    {
        "text": "X. Sin Suối Hồ HPhong Thổ t Lai Châu",
        "preprocessed": "xã Sin Suối Hồ HPhong Thổ t Lai Châu"
    },
    {
        "text": "X Sùng Phài T.P zai Châu T.Lai Châu",
        "preprocessed": "X Sùng Phài tỉnh P zai Châu tỉnh Lai Châu"
    },
    {
        "text": " An Lowng Phú Giáo TBinh Dương",
        "preprocessed": "An Lowng Phú Giáo TBinh Dương"
    },
    {
        "text": "X Tân7 Thịnh  Yiên Bái T. yên Bái",
        "preprocessed": "X Tân7 Thịnh Yiên Bái tỉnh yên Bái"
    },
    {
        "text": "XKHoan Sơn,TiênDu,Tỉnhbac Ninh",
        "preprocessed": "XKHoan Sơn, Tiên Du, Tỉnhbac Ninh"
    },
    {
        "text": " Hải An  Hải Lăng TQdung trị",
        "preprocessed": "Hải An Hải Lăng TQdung trị"
    },
    {
        "text": " Tp Hà Tiên Tỉnh Kiên Giang",
        "preprocessed": "thành phố Hà Tiên Tỉnh Kiên Giang"
    },
    {
        "text": "Thị trấn Hai Riêng H Sông Hinh ",
        "preprocessed": "Thị trấn Hai Riêng H Sông Hinh"
    },
    {
        "text": "X. Diễn Thành Huyện Diên Châu ",
        "preprocessed": "xã Diễn Thành Huyện Diên Châu"
    },
    {
        "text": ",Bảo Lâ.,Tỉnh Cao Bằng",
        "preprocessed": ", Bảo Lâ , Tỉnh Cao Bằng"
    },
    {
        "text": "Xã thanh Vĩnh Đông, HuyệnChâu Thành, TLong An",
        "preprocessed": "Xã thanh Vĩnh Đông, Huyện Châu Thành, tỉnh Long An"
    },
    {
        "text": "X.Chê La,,T.Hà GianZ",
        "preprocessed": "xã Chê La, , tỉnh Hà Gian Z"
    },
    {
        "text": "Hôno Sỹ  Tỉnh Cao Bằng",
        "preprocessed": "Hôno Sỹ Tỉnh Cao Bằng"
    },
    {
        "text": "X. Hành Tín Tây  T.Quảng Ngãi",
        "preprocessed": "xã Hành Tín Tây tỉnh Quảng Ngãi"
    },
    {
        "text": "F An lac Chí Linh Tỉnh Hải Dương",
        "preprocessed": "F An lac Chí Linh Tỉnh Hải Dương"
    },
    {
        "text": ", HXuân Lộc,  Đồng Nai",
        "preprocessed": ", huyện Xuân Lộc, Đồng Nai"
    },
    {
        "text": " Hòa Lợi,, Trà vinh",
        "preprocessed": "Hòa Lợi, , Trà vinh"
    },
    {
        "text": "Phường Hiệ An, T.X.Kinh Môn, TỉnhHải Dương",
        "preprocessed": "Phường Hiệ An, tỉnh xã Kinh Môn, Tỉnh Hải Dương"
    },
    {
        "text": "Xã Trịnh Tường H Bát Xát ",
        "preprocessed": "Xã Trịnh Tường H Bát Xát"
    },
    {
        "text": "XãChiềng Mu5ng  T.stn la",
        "preprocessed": "Xã Chiềng Mu5ng tỉnh stn la"
    },
    {
        "text": "Fmễ Trì, Nam Từ Liêm, Thành phố HN",
        "preprocessed": "Fmễ Trì, Nam Từ Liêm, Thành phố hà nội"
    },
    {
        "text": "P4 T.Ph9ốĐông Hà ",
        "preprocessed": "phường 4 tỉnh Ph9ố Đông Hà"
    },
    {
        "text": "F. Trần Hưng Đao,Phủ Ly,TỉnhH  Nam",
        "preprocessed": "phường Trần Hưng Đao, Phủ Ly, Tỉnh H Nam"
    },
    {
        "text": "Tông Lạnh H.Thuận Chru TSơn La",
        "preprocessed": "Tông Lạnh huyện Thuận Chru TSơn La"
    },
    {
        "text": " T.PhôSông Công t. Thái Nguyên",
        "preprocessed": "thành phố Sông Công tỉnh Thái Nguyên"
    },
    {
        "text": "F.07, Q6, ",
        "preprocessed": "phường 07, quận 6, "
    },
    {
        "text": "P.Xuân Lam, Thuận Thành, T.Bắc Ninh",
        "preprocessed": "phường Xuân Lam, Thuận Thành, tỉnh Bắc Ninh"
    },
    {
        "text": "XãĐông h KBang TGia Lai",
        "preprocessed": "Xã Đông h KBang TGia Lai"
    },
    {
        "text": " Long Thắng, Huyn Lai ung, ",
        "preprocessed": "Long Thắng, Huyn Lai ung, "
    },
    {
        "text": " Lưu Sơn, H. Đô Lương, Nghệ An",
        "preprocessed": "Lưu Sơn, huyện Đô Lương, Nghệ An"
    },
    {
        "text": " Chi Lăng,H Chi Lăng,Tỉnh Lạng5 Sơn",
        "preprocessed": "Chi Lăng, huyện Chi Lăng, Tỉnh Lạng5 Sơn"
    },
    {
        "text": " Bằng Lng,,T.Bắc Kạn",
        "preprocessed": "Bằng Lng, , tỉnh Bắc Kạn"
    },
    {
        "text": " Huyệntân biên T.TDy Ninh",
        "preprocessed": "Huyệntân biên tỉnh TDy Ninh"
    },
    {
        "text": " HuyệnThanh Miện Tỉnh Hải Dương",
        "preprocessed": "Huyện Thanh Miện Tỉnh Hải Dương"
    },
    {
        "text": "X. Tân An, HuyệnThnh Hà, ",
        "preprocessed": "xã Tân An, Huyện Thnh Hà, "
    },
    {
        "text": "XãtrBung Thanh,,TThanh Hóa",
        "preprocessed": "Xãtr Bung Thanh, , tỉnh Thanh Hóa"
    },
    {
        "text": "vĩnh Hưng, , Long An",
        "preprocessed": "vĩnh Hưng, , Long An"
    },
    {
        "text": "Phường 04,,Thành phốHồ Chi Minh",
        "preprocessed": "Phường 04, , Thành phố Hồ Chi Minh"
    },
    {
        "text": "Xã Nâm Ntừ  Nậm Pồ ",
        "preprocessed": "Xã Nâm Ntừ Nậm Pồ"
    },
    {
        "text": "X Châu Thuận7  TNghệ An",
        "preprocessed": "X Châu Thuận7 TNghệ An"
    },
    {
        "text": "P.Văn Đẩu, qKiến An, ThànhMphố Hải Phòng",
        "preprocessed": "phường Văn Đẩu, quận Kiến An, Thành Mphố Hải Phòng"
    },
    {
        "text": " Cẩm Lương HCẩm Thủa T. Thanh Hóa",
        "preprocessed": "Cẩm Lương HCẩm Thủa tỉnh Thanh Hóa"
    },
    {
        "text": ",HPhú Bình, thái Nguyên",
        "preprocessed": ", huyện Phú Bình, thái Nguyên"
    },
    {
        "text": "Phường Hoài Hảo,T.Xã.Hoai Nhơn,TBình Đinh",
        "preprocessed": "Phường Hoài Hảo, tỉnh Xã Hoai Nhơn, tỉnh Bình Đinh"
    },
    {
        "text": " Hướng Hiệp  Đa Krông T Quảng TrZ",
        "preprocessed": "Hướng Hiệp Đa Krông T Quảng Tr Z"
    },
    {
        "text": "P Ea Tam T.P Buôn Ma Thuột TỉnĐắk Llk",
        "preprocessed": "P Ea Tam tỉnh P Buôn Ma Thuột Tỉn Đắk Llk"
    },
    {
        "text": "Tân An, H. Vĩnh Cửu, T Đồng Nai",
        "preprocessed": "Tân An, huyện Vĩnh Cửu, tỉnh Đồng Nai"
    },
    {
        "text": "F Tân Dân, T.Xã.Nghi Sơn, TỉnhThanh Hóa",
        "preprocessed": "F Tân Dân, tỉnh Xã Nghi Sơn, Tỉnh Thanh Hóa"
    },
    {
        "text": "XNam Cát, HuyệnNam đàn, ",
        "preprocessed": "XNam Cát, Huyện Nam đàn, "
    },
    {
        "text": "Xã Vị Tân  Vị Than ",
        "preprocessed": "Xã Vị Tân Vị Than"
    },
    {
        "text": "X My Thành Bac, HuyệnCai Lậy, ",
        "preprocessed": "X My Thành Bac, Huyện Cai Lậy, "
    },
    {
        "text": "XCư Drămb H.Krông Bông ",
        "preprocessed": "XCư Drămb huyện Krông Bông"
    },
    {
        "text": "X Bình Hi, , T.Quảcg Nam",
        "preprocessed": "X Bình Hi, , tỉnh Quảcg Nam"
    },
    {
        "text": "XãNân Chính, H Ly Nhân, Tỉnh HaNam",
        "preprocessed": "Xã Nân Chính, huyện Ly Nhân, Tỉnh Ha Nam"
    },
    {
        "text": " Khả cửu, H. Thanh Srn, ",
        "preprocessed": "Khả cửu, huyện Thanh Srn, "
    },
    {
        "text": ", Đông Hòa,Tỉnh Phú yn",
        "preprocessed": ", Đông Hòa, Tỉnh Phú yn"
    },
    {
        "text": " HuyệnĐắk Tô T. KonTum",
        "preprocessed": "Huyện Đắk Tô tỉnh Kon Tum"
    },
    {
        "text": "Thị Trấn Nông Trường Việt lâm,Vị Xuyen,Ha Giang",
        "preprocessed": "Thị Trấn Nông Trường Việt lâm, Vị Xuyen, Ha Giang"
    },
    {
        "text": ", Q11, Hồ Chí Minh",
        "preprocessed": ", quận 11, Hồ Chí Minh"
    },
    {
        "text": " H. Đăk Đoa TỉnhGia Lai",
        "preprocessed": "huyện Đăk Đoa Tỉnh Gia Lai"
    },
    {
        "text": "F.LoWng Binh, TpThủ Đưc, TPHCM",
        "preprocessed": "phường Lo Wng Binh, thành phố Thủ Đưc, thành phố hồ chí minh"
    },
    {
        "text": "Xã Đông cường, h.Đông Hưng, ",
        "preprocessed": "Xã Đông cường, huyện Đông Hưng, "
    },
    {
        "text": "XTrung Nghĩa, , THưng Yên",
        "preprocessed": "XTrung Nghĩa, , tỉnh Hưng Yên"
    },
    {
        "text": "  Chư Se T Gia Lai",
        "preprocessed": "Chư Se T Gia Lai"
    },
    {
        "text": "X. Hải Minh,,N5am Định",
        "preprocessed": "xã Hải Minh, , N5am Định"
    },
    {
        "text": ",HyệnĐại Lộc,TỉnhQuảng Nam",
        "preprocessed": ", Hyện Đại Lộc, Tỉnh Quảng Nam"
    },
    {
        "text": "Bạch Lưu, H.Song Lô, Vĩnh PGhúc",
        "preprocessed": "Bạch Lưu, huyện Song Lô, Vĩnh PGhúc"
    },
    {
        "text": "X.Đề Thám  T.Lạng Sơn",
        "preprocessed": "xã Đề Thám tỉnh Lạng Sơn"
    },
    {
        "text": "PhườngHà Mãn, T.X.Thuận Thành, ",
        "preprocessed": "Phường Hà Mãn, tỉnh xã Thuận Thành, "
    },
    {
        "text": "Xa Sơn Thy H. Le Thủy Tỉnh Quảng Bình",
        "preprocessed": "xã Sơn Thy huyện Le Thủy Tỉnh Quảng Bình"
    },
    {
        "text": "x. Nam Thai A, AZBiên,Tỉnh Kiên Giang",
        "preprocessed": "xã Nam Thai A, AZBiên, Tỉnh Kiên Giang"
    },
    {
        "text": "P. Quảng Thọ,T.P Sầm Swn,TY. thanh Hóa",
        "preprocessed": "phường Quảng Thọ, tỉnh P Sầm Swn, TY thanh Hóa"
    },
    {
        "text": " Đông Htòa Phu Yên",
        "preprocessed": "Đông Htòa Phu Yên"
    },
    {
        "text": " Tam Amnh NZm  Núi Thành TQuảng Nam",
        "preprocessed": "Tam Amnh NZm Núi Thành TQuảng Nam"
    },
    {
        "text": "X Vân Du, , Phú Thọ",
        "preprocessed": "X Vân Du, , Phú Thọ"
    },
    {
        "text": "P. Phong CNốc Th,ị xãQuảng Yên t. Quảng Ninh",
        "preprocessed": "phường Phong CNốc Th, ị xã Quảng Yên tỉnh Quảng Ninh"
    },
    {
        "text": "X.An Thuận, , TBến Tre",
        "preprocessed": "xã An Thuận, , tỉnh Bến Tre"
    },
    {
        "text": "Nghi Sơ6n, T.X. Nghi Sơn, Thhanh Hóa",
        "preprocessed": "Nghi Sơn, tỉnh xã Nghi Sơn, Thhanh Hóa"
    },
    {
        "text": ", ThăngFBìh,T. Quảng Nam",
        "preprocessed": ", Thăng FBìh, tỉnh Quảng Nam"
    },
    {
        "text": "TT Đạ Tẻh, , T. Lâm Đồng",
        "preprocessed": "thị trấn Đạ Tẻh, , tỉnh Lâm Đồng"
    },
    {
        "text": "TT Hội An,,TAn Giang",
        "preprocessed": "thị trấn Hội An, , tỉnh An Giang"
    },
    {
        "text": "X. TErường Thịnh,h Ứng Hòa, Hà Nội",
        "preprocessed": "xã TErường Thịnh, huyện Ứng Hòa, Hà Nội"
    },
    {
        "text": "X.H Mỗ, Đan PhTượng,",
        "preprocessed": "xã H Mỗ, Đan Ph Tượng, "
    },
    {
        "text": "Xã Tiến Nông,H Trệu Sơn,T. Thanh Hóa",
        "preprocessed": "Xã Tiến Nông, huyện Trệu Sơn, tỉnh Thanh Hóa"
    },
    {
        "text": ", HuyệnBình Sơn, TQuảng Ngãi",
        "preprocessed": ", Huyện Bình Sơn, tỉnh Quảng Ngãi"
    },
    {
        "text": "Xã Quang Tiếns6 Tân Yên, ",
        "preprocessed": "Xã Quang Tiếns Tân Yên, "
    },
    {
        "text": "Thị Trấn Kẻ Sặt H.Binh giang THải Dưong",
        "preprocessed": "Thị Trấn Kẻ Sặt huyện Binh giang THải Dưong"
    },
    {
        "text": "Xã Lương Hòa,HuyệnBen Lức,",
        "preprocessed": "Xã Lương Hòa, Huyện Ben Lức, "
    },
    {
        "text": "X.Tân Son,hchợ QMới,",
        "preprocessed": "xã Tân Son, hchợ QMới, "
    },
    {
        "text": "Quách Phẩm Bắc, , Cà Mzu",
        "preprocessed": "Quách Phẩm Bắc, , Cà Mzu"
    },
    {
        "text": "X Tvực Đạo, , Nam Định",
        "preprocessed": "X Tvực Đạo, , Nam Định"
    },
    {
        "text": "Thị trấn Tân Phong, , TThanh Hóa",
        "preprocessed": "Thị trấn Tân Phong, , tỉnh Thanh Hóa"
    },
    {
        "text": "X. Lộc Thah,T0P Bảo lộc,TLâm Đông",
        "preprocessed": "xã Lộc Thah, T0P Bảo lộc, tỉnh Lâm Đông"
    },
    {
        "text": "X Đương Hoa  TQuảng Ninh",
        "preprocessed": "X Đương Hoa TQuảng Ninh"
    },
    {
        "text": "xã Vạn Kim, HuyệnMỹ Đức, T.P HNội",
        "preprocessed": "xã Vạn Kim, Huyện Mỹ Đức, tỉnh P HNội"
    },
    {
        "text": "XMiền Đồi,LaZc Sơn,",
        "preprocessed": "XMiền Đồi, La Zc Sơn, "
    },
    {
        "text": "X Phu Mãn   HN",
        "preprocessed": "X Phu Mãn hà nội"
    },
    {
        "text": " H. Hồng Ngự T Đồng Thap",
        "preprocessed": "huyện Hồng Ngự T Đồng Thap"
    },
    {
        "text": "X Mường Lèo H Sốp Cộp T Sơn ma",
        "preprocessed": "X Mường Lèo H Sốp Cộp T Sơn ma"
    },
    {
        "text": " Huyện Chợ gạo Tỉ,nh Tiền Giang",
        "preprocessed": "Huyện Chợ gạo Tỉ, nh Tiền Giang"
    },
    {
        "text": "Xã Tam Xuân I Huyệnúi Thành Quảng Nam",
        "preprocessed": "Xã Tam Xuân I Huyệnúi Thành Quảng Nam"
    },
    {
        "text": ",  Mỹ Đức, HàNội",
        "preprocessed": ", Mỹ Đức, Hà Nội"
    },
    {
        "text": "J,Huyệnđô Lương,Tỉnh Nghệ An",
        "preprocessed": "J, Huyệnđô Lương, Tỉnh Nghệ An"
    },
    {
        "text": "XTâm Thsắng Cư Jút TỉnhĐắk Nông",
        "preprocessed": "XTâm Thsắng Cư Jút Tỉnh Đắk Nông"
    },
    {
        "text": "Tích Sơn T.Phốvinh Yên t vĩnh phúc",
        "preprocessed": "Tích Sơn tỉnh Phốvinh Yên t vĩnh phúc"
    },
    {
        "text": "X.Hòa Trị Huzyen hú Hoa TPhú Yên",
        "preprocessed": "xã Hòa Trị Huzyen hú Hoa TPhú Yên"
    },
    {
        "text": "XLa Sơn H. Binh lục ",
        "preprocessed": "XLa Sơn huyện Binh lục"
    },
    {
        "text": "F. Điện Nam Bắc, x TQuảng Nam",
        "preprocessed": "phường Điện Nam Bắc, xã TQuảng Nam"
    },
    {
        "text": ",H Krông Năng,Đắk Lắk",
        "preprocessed": ", huyện Krông Năng, Đắk Lắk"
    },
    {
        "text": "X. Bok Tới H Hoài Ân  Bìh Định",
        "preprocessed": "xã Bok Tới H Hoài Ân Bìh Định"
    },
    {
        "text": "XTân Nghia  Di Linh Lâm ĐồnG",
        "preprocessed": "XTân Nghia Di Linh Lâm Đồn G"
    },
    {
        "text": "Bình Sa HuyệnThăng Bình ",
        "preprocessed": "Bình Sa Huyện Thăng Bình"
    },
    {
        "text": ",H Bắc Son,TỉnhLạng Son",
        "preprocessed": ", huyện Bắc Son, Tỉnh Lạng Son"
    },
    {
        "text": "xTân Lập, H Vũ Thư, Thái bình",
        "preprocessed": "x Tân Lập, huyện Vũ Thư, Thái bình"
    },
    {
        "text": "Tinh Nhu Huyện Thanh Sơn Tỉnh Phú Tho",
        "preprocessed": "Tinh Nhu Huyện Thanh Sơn Tỉnh Phú Tho"
    },
    {
        "text": "XãGia Vượng, Gia Viễn, ",
        "preprocessed": "Xã Gia Vượng, Gia Viễn, "
    },
    {
        "text": " Hợp đức, , Tp Hải Phòng",
        "preprocessed": "Hợp đức, , thành phố Hải Phòng"
    },
    {
        "text": "Thị trấnSông Đốc, , TnhCà Mau",
        "preprocessed": "Thị trấn Sông Đốc, , tỉnh Cà Mau"
    },
    {
        "text": ",H.Trảng Bom,Đồng Nai",
        "preprocessed": ", huyện Trảng Bom, Đồng Nai"
    },
    {
        "text": "X Vĩnh Hanh, Châu Thành,An Giang",
        "preprocessed": "X Vĩnh Hanh, Châu Thành, An Giang"
    },
    {
        "text": "X.Yên Phong  Tỉnh Bắc Kạn",
        "preprocessed": "xã Yên Phong Tỉnh Bắc Kạn"
    },
    {
        "text": "P. Nhi Thu Thị xã Cửa Lò TNghệ An",
        "preprocessed": "phường Nhi Thu Thị xã Cửa Lò TNghệ An"
    },
    {
        "text": "F.Dịch Vọng  C/Giấy Thành phốHàNội",
        "preprocessed": "phường Dịch Vọng C/Giấy Thành phố Hà Nội"
    },
    {
        "text": "Xã Minh thuận HuyệnU Minh Thượng TỉnhKiên Giang",
        "preprocessed": "Xã Minh thuận Huyện U Minh Thượng Tỉnh Kiên Giang"
    },
    {
        "text": " Ea Huar,HuyệnBuôn Đôn,",
        "preprocessed": "Ea Huar, Huyện Buôn Đôn, "
    },
    {
        "text": "X.SRó  Kông Chro T.Gia Lai",
        "preprocessed": "xã SRó Kông Chro tỉnh Gia Lai"
    },
    {
        "text": "X Tân Thanh Huyện Lang Giang ",
        "preprocessed": "X Tân Thanh Huyện Lang Giang"
    },
    {
        "text": "X. Sơn Hv HSơn Hoa Tỉnh Phú Yên",
        "preprocessed": "xã Sơn Hv HSơn Hoa Tỉnh Phú Yên"
    },
    {
        "text": "Xã Bản My H..Hoàng Su Phì T.Hà Giang",
        "preprocessed": "Xã Bản My huyện  Hoàng Su Phì tỉnh Hà Giang"
    },
    {
        "text": "Công Hòa H.Kim Thành ",
        "preprocessed": "Công Hòa huyện Kim Thành"
    },
    {
        "text": "XãChơ Chun, H NamiGiang, T.Quảng Nam",
        "preprocessed": "Xã Chơ Chun, huyện Nami Giang, tỉnh Quảng Nam"
    },
    {
        "text": "X.Vô Tranh, hLục Nam, Bắc Giang",
        "preprocessed": "xã Vô Tranh, huyện Lục Nam, Bắc Giang"
    },
    {
        "text": "Bù Gia Map,H Bù Gia Mập,Bình Phước",
        "preprocessed": "Bù Gia Map, huyện Bù Gia Mập, Bình Phước"
    },
    {
        "text": "  Quỳ Châu T.NSghệ An",
        "preprocessed": "Quỳ Châu tỉnh NSghệ An"
    },
    {
        "text": " H.Văn Giang Tỉnh Hưng Yê0",
        "preprocessed": "huyện Văn Giang Tỉnh Hưng Yê"
    },
    {
        "text": "x.Ba tiêu,  Ba Tơ, Quảng Ngãi",
        "preprocessed": "xã Ba tiêu, Ba Tơ, Quảng Ngãi"
    },
    {
        "text": "Xã Tân Kiên Hbình Chánh Thành phôHôChíMinh",
        "preprocessed": "Xã Tân Kiên Hbình Chánh Thành phô Hô Chí Minh"
    },
    {
        "text": " H.Thanh Liêm T.Ha Nam",
        "preprocessed": "huyện Thanh Liêm tỉnh Ha Nam"
    },
    {
        "text": "  Chí Linh  Hải Dương",
        "preprocessed": "Chí Linh Hải Dương"
    },
    {
        "text": "X. Tam Đồng,HuyệnMê Linh,T.Phw HàNoi",
        "preprocessed": "xã Tam Đồng, Huyện Mê Linh, tỉnh Phw Hà Noi"
    },
    {
        "text": " eăn Tiến, Yên Lạc, vĩnh P0húc",
        "preprocessed": "eăn Tiến, Yên Lạc, vĩnh P0húc"
    },
    {
        "text": "F. An Phú T.X. Tịnh Biên T.An Giang",
        "preprocessed": "phường An Phú tỉnh xã Tịnh Biên tỉnh An Giang"
    },
    {
        "text": "X.Cẩm Hoàng,,T. Hải Dươnwg",
        "preprocessed": "xã Cẩm Hoàng, , tỉnh Hải Dươnwg"
    },
    {
        "text": "X. Cat Chánh,HuyệnPhù Cát,",
        "preprocessed": "xã Cat Chánh, Huyện Phù Cát, "
    },
    {
        "text": " Ea Kmút,hyệnea Kar,Tỉnwh Đắk Lắk",
        "preprocessed": "Ea Kmút, hyệnea Kar, Tỉnwh Đắk Lắk"
    },
    {
        "text": "Xã 7Sơn Hà HuyệnNho Quan Tinh Ninh Bình",
        "preprocessed": "Xã Sơn Hà Huyện Nho quận Tinh Ninh Bình"
    },
    {
        "text": "X.Mỹ Thạnh, HuyệnGiong Trôm, TỉnhBến Tre",
        "preprocessed": "xã Mỹ Thạnh, Huyện Giong Trôm, Tỉnh Bến Tre"
    },
    {
        "text": "Xã C.hâu Minh, HHiệp Ha, TBắc Giang",
        "preprocessed": "Xã C hâu Minh, huyện Hiệp Ha, tỉnh Bắc Giang"
    },
    {
        "text": "Xthịnh Vượng,A , TG.Cao băng",
        "preprocessed": "Xthịnh Vượng, A, TG Cao băng"
    },
    {
        "text": "Diên Thạnh,,T Khabnh Hòa",
        "preprocessed": "Diên Thạnh, , tỉnh Khabnh Hòa"
    },
    {
        "text": "X.Việt Hồng, , TrHà Giang",
        "preprocessed": "xã Việt Hồng, , Tr Hà Giang"
    },
    {
        "text": "X.Đức Sơn Anh Sơn ",
        "preprocessed": "xã Đức Sơn Anh Sơn"
    },
    {
        "text": "Đăk Nang H. Krông Nô TĐắk Nông",
        "preprocessed": "Đăk Nang huyện Krông Nô TĐắk Nông"
    },
    {
        "text": "X.Điện Hồng,Thị xã Điện Bàn,t Quảng Nam",
        "preprocessed": "xã Điện Hồng, Thị xã Điện Bàn, tỉnh Quảng Nam"
    },
    {
        "text": ", H Duy Xuyên, T.Quảng Nam",
        "preprocessed": ", huyện Duy Xuyên, tỉnh Quảng Nam"
    },
    {
        "text": "Đứ Lợi,H Mộ Đức,TỉnhQuản Ngãi",
        "preprocessed": "Đứ Lợi, huyện Mộ Đức, Tỉnh Quản Ngãi"
    },
    {
        "text": "PhườngNguyễn Trãi, T.P Kon Tum, T Kon Tum",
        "preprocessed": "Phường Nguyễn Trãi, tỉnh P Kon Tum, tỉnh Kon Tum"
    },
    {
        "text": "X Song Lộc H.Châu Thành ",
        "preprocessed": "X Song Lộc huyện Châu Thành"
    },
    {
        "text": "Lộc Châu,TPBảo Lộc,T Lâm Đồng",
        "preprocessed": "Lộc Châu, TPBảo Lộc, tỉnh Lâm Đồng"
    },
    {
        "text": "X. Bản Nguyen,HuyệnLâm Thao,",
        "preprocessed": "xã Bản Nguyen, Huyện Lâm Thao, "
    },
    {
        "text": "Phương Công,huyen Tiền Hải,T.Thái Bình",
        "preprocessed": "Phương Công, huyện Tiền Hải, tỉnh Thái Bình"
    },
    {
        "text": "X Lương Nghĩa,H. Long Mỹ,T. Hậu giangg",
        "preprocessed": "X Lương Nghĩa, huyện Long Mỹ, tỉnh Hậu giangg"
    },
    {
        "text": "X Tây Yên, H.An Biên, TKiên Giang",
        "preprocessed": "X Tây Yên, huyện An Biên, tỉnh Kiên Giang"
    },
    {
        "text": "Xã Kiên Thành H Trấn Yên T.yên Bi",
        "preprocessed": "Xã Kiên Thành H Trấn Yên tỉnh yên Bi"
    },
    {
        "text": " Duy Phú,  Duy Xuyen,  Quang Nam",
        "preprocessed": "Duy Phú, Duy Xuyen, Quang Nam"
    },
    {
        "text": "XPhước Vĩnh Đông  Cần Giuộc T. Long An",
        "preprocessed": "XPhước Vĩnh Đông Cần Giuộc tỉnh Long An"
    },
    {
        "text": "XThạch Xuâ,Thạch Hà,T. Hà Tĩnh",
        "preprocessed": "XThạch Xuâ, Thạch Hà, tỉnh Hà Tĩnh"
    },
    {
        "text": " Quận 1 T.P H.C.Minh",
        "preprocessed": "Quận 1 tỉnh P huyện C Minh"
    },
    {
        "text": "Sín Chéng,HuyệnSi Ma Cai,TỉnhLào Cai",
        "preprocessed": "Sín Chéng, Huyện Si Ma Cai, Tỉnh Lào Cai"
    },
    {
        "text": "XDuy Hải  TQuảng Nam",
        "preprocessed": "XDuy Hải TQuảng Nam"
    },
    {
        "text": ",H.Tuy An,Tinh Phú yên",
        "preprocessed": ", huyện Tuy An, Tinh Phú yên"
    },
    {
        "text": "x. Văn Cẩs HuyệnHung Hà Tthái Bình",
        "preprocessed": "xã Văn Cẩs Huyện Hung Hà Tthái Bình"
    },
    {
        "text": ", Mường La,  sơn La",
        "preprocessed": ", Mường La, sơn La"
    },
    {
        "text": "oã Bnh Ngọc,T.Phố Tuy Hoà,Tỉnhphú Yên",
        "preprocessed": "oã Bnh Ngọc, thành phố Tuy Hoà, Tỉnhphú Yên"
    },
    {
        "text": " Chương Dương, HuyệnĐôngHưng, ",
        "preprocessed": "Chương Dương, Huyện Đông Hưng, "
    },
    {
        "text": "Nậm Tin  Diện Biên",
        "preprocessed": "Nậm Tin Diện Biên"
    },
    {
        "text": " T.P Phan Rang-Tháp lhàm  Ninh Thuận",
        "preprocessed": "tỉnh P Phan Rang-Tháp lhàm Ninh Thuận"
    },
    {
        "text": ", Tân Phươc, Tin GJiang",
        "preprocessed": ", Tân Phươc, Tin GJiang"
    },
    {
        "text": "X An Đức, Huyên Ninh Giang, T.Hải Dương",
        "preprocessed": "X An Đức, Huyên Ninh Giang, tỉnh Hải Dương"
    },
    {
        "text": "XTrung Kiên,,Tỉnh Vĩnh Phuúc",
        "preprocessed": "XTrung Kiên, , Tỉnh Vĩnh Phuúc"
    },
    {
        "text": "X. Đông Lâm2, Huyen Tiền Hải, T.Thái Bình",
        "preprocessed": "xã Đông Lâm2, huyện Tiền Hải, tỉnh Thái Bình"
    },
    {
        "text": " H. Ea Súp  Đắk Lắk",
        "preprocessed": "huyện Ea Súp Đắk Lắk"
    },
    {
        "text": " Đức Lĩnh,Vũ Quang,",
        "preprocessed": "Đức Lĩnh, Vũ Quang, "
    },
    {
        "text": "XQuỳnh Hôi, Quỳnh Phụ, Thái Bình",
        "preprocessed": "XQuỳnh Hôi, Quỳnh Phụ, Thái Bình"
    },
    {
        "text": " Yn phú, HBắc Mê, TỉnhV Hà giang",
        "preprocessed": "Yn phú, huyện Bắc Mê, Tỉnh V Hà giang"
    },
    {
        "text": "Xuân Tân t.P Long Khánh ",
        "preprocessed": "Xuân Tân tỉnh P Long Khánh"
    },
    {
        "text": "Xia Ake, HuyệnPhú Thiện, TGia Lai",
        "preprocessed": "Xia Ake, Huyện Phú Thiện, tỉnh Gia Lai"
    },
    {
        "text": "X.Thái Sơn, An Lão, hải Phòng",
        "preprocessed": "xã Thái Sơn, An Lão, hải Phòng"
    },
    {
        "text": "Xã Uar, Krông Pa, Tỉnh Gia Lai",
        "preprocessed": "Xã Uar, Krông Pa, Tỉnh Gia Lai"
    },
    {
        "text": " H Ea H'leo T Đắk Lắk",
        "preprocessed": "H Ea H'leo T Đắk Lắk"
    },
    {
        "text": "Phú Đô HuyệnPhú Lươnz ",
        "preprocessed": "Phú Đô Huyện Phú Lươnz"
    },
    {
        "text": " Thái Ha, HBa Vì, T.pHNội",
        "preprocessed": "Thái Ha, huyện Ba Vì, tỉnh p HNội"
    },
    {
        "text": "X.Phước Hiệp  Tỉnh Bến Tre",
        "preprocessed": "xã Phước Hiệp Tỉnh Bến Tre"
    },
    {
        "text": "XHuy Hạ,  phù Yêu, T.Sơn La",
        "preprocessed": "XHuy Hạ, phù Yêu, tỉnh Sơn La"
    },
    {
        "text": "TTr.Quỳnh Côi,HQuỳnh Phụ,TThai Bình",
        "preprocessed": "thị trấn Quỳnh Côi, huyện Quỳnh Phụ, tỉnh Thai Bình"
    },
    {
        "text": ", Nam Đông,T. T.T.H",
        "preprocessed": ", Nam Đông, tỉnh tỉnh tỉnh H"
    },
    {
        "text": " Cam Nhân HuyệnYên Bình TYên Bái",
        "preprocessed": "Cam Nhân Huyện Yên Bình TYên Bái"
    },
    {
        "text": "TTĐức An Huyện Đắk SongTỉnhĐắk Nông",
        "preprocessed": "TTĐức An Huyện Đắk Song Tỉnh Đắk Nông"
    },
    {
        "text": "Xã Ninh Sở, Huyện Thường Tin, T.Phà Nội",
        "preprocessed": "Xã Ninh Sở, Huyện Thường Tin, tỉnh Phà Nội"
    },
    {
        "text": "X Đoàn đào,4 Phù Cừ,T.Hưng Yên",
        "preprocessed": "X Đoàn đào, 4 Phù Cừ, tỉnh Hưng Yên"
    },
    {
        "text": "X. Hương Liên HuyệnHương Khê T Hà Tinh",
        "preprocessed": "xã Hương Liên Huyện Hương Khê T Hà Tinh"
    },
    {
        "text": ",H.Hoài ân,TBình Dịnh",
        "preprocessed": ", huyện Hoài ân, tỉnh Bình Dịnh"
    },
    {
        "text": "Phườni Tràng Minh Q. Kiến An Thành phố Hải Phòng",
        "preprocessed": "Phườni Tràng Minh quận Kiến An Thành phố Hải Phòng"
    },
    {
        "text": " bản HoJn huyện Tam Đường Tỉnh Lai Châu",
        "preprocessed": "bản Ho Jn huyện Tam Đường Tỉnh Lai Châu"
    },
    {
        "text": " Điên Hải, Đông Hải, T bạc Liêu",
        "preprocessed": "Điên Hải, Đông Hải, tỉnh bạc Liêu"
    },
    {
        "text": ", H KBang, Gia Lai",
        "preprocessed": ", huyện KBang, Gia Lai"
    },
    {
        "text": "X. Thanh Phongjc , Tỉnhthanh hóa",
        "preprocessed": "xã Thanh Phongjc, Tỉnhthanh hóa"
    },
    {
        "text": "  Bắc Trà My TỉnhQuảng NaHm",
        "preprocessed": "Bắc Trà My Tỉnh Quảng Na Hm"
    },
    {
        "text": "xã Bình Trung,,TLạng Son",
        "preprocessed": "xã Bình Trung, , tỉnh Lạng Son"
    },
    {
        "text": ",  Ba Vì, TP Hà Nội",
        "preprocessed": ", Ba Vì, thành phố Hà Nội"
    },
    {
        "text": ",Diễn Châu,TỉnhNghệ An",
        "preprocessed": ", Diễn Châu, Tỉnh Nghệ An"
    },
    {
        "text": " Muyện Châu Thành TỉnhĐồng Tháp",
        "preprocessed": "Muyện Châu Thành Tỉnh Đồng Tháp"
    },
    {
        "text": "Đông thanh AnE Minh T kien Giang",
        "preprocessed": "Đông thanh An E Minh T kien Giang"
    },
    {
        "text": "Xã Tân Lĩnh, H.Lục Yên, TYên Bái",
        "preprocessed": "Xã Tân Lĩnh, huyện Lục Yên, tỉnh Yên Bái"
    },
    {
        "text": "P Thủy Châu,T.X. hươngThủy,Thừa.t.Huế",
        "preprocessed": "P Thủy Châu, tỉnh xã hương Thủy, Thừa thiên huế"
    },
    {
        "text": "Thi trấ Ea. Knốp,H. Ea Kar,",
        "preprocessed": "Thi trấ Ea Knốp, huyện Ea Kar, "
    },
    {
        "text": "X. Quế Minh,HZuyện Quế Sơn,TỉnhQuảng Nam",
        "preprocessed": "xã Quế Minh, huyện Zuyện Quế Sơn, Tỉnh Quảng Nam"
    },
    {
        "text": "X.Nga Thanh hyện Nga son TỉnhThanhQ Hóa",
        "preprocessed": "xã Nga Thanh hyện Nga son Tỉnh Thanh Q Hóa"
    },
    {
        "text": "Phường Phú Mỹ, Thà6nh phố Thủ Dầu Một, TBình Dương",
        "preprocessed": "Phường Phú Mỹ, Thành phố Thủ Dầu Một, tỉnh Bình Dương"
    },
    {
        "text": ",Lệ Thủy,T quảng BìnKh",
        "preprocessed": ", Lệ Thủy, tỉnh quảng Bìn Kh"
    },
    {
        "text": "F Tân bình  dĩ An ",
        "preprocessed": "F Tân bình dĩ An"
    },
    {
        "text": "x2Trung Sơn,,TỉnhNghê An",
        "preprocessed": "x2Trung Sơn, , Tỉnh Nghê An"
    },
    {
        "text": "XãCôn Lôn,H Na Hang,TỉnhC Tuyên.Quang",
        "preprocessed": "Xã Côn Lôn, huyện Na Hang, Tỉnh C Tuyên Quang"
    },
    {
        "text": "Tân Hòa,H. Phú Tân,TnhAn Giang",
        "preprocessed": "Tân Hòa, huyện Phú Tân, tỉnh An Giang"
    }
]